docID,eventID,Convention_Type,docTitle,City,State,Country,Item_Number,URL
1883.AR-08.28.LITT.ART.01,1883.AR-08.28.LITT,State Convention,The Colored Convention.,Little Rock,AK,USA,553,http://coloredconventions.org/items/show/553
1867.AL-05.04.MOBI.ART.01,1867.AL-05.04.MOBI,State Convention,"Report on the State Convention of the Colored Men of Alabama, Mobile, May 4, 1867",Mobile,AL,USA,565,http://coloredconventions.org/items/show/565
1865.AR-11.30.LITT.MIN.01,1865.AR-11.30.LITT,State Convention,"Proceedings of the Convention of Colored Citizens of the State of Arkansas : held in Little Rock, Thursday, Friday and Saturday, Nov. 30, Dec. 1 & 2.",Little Rock,AR,USA,559,http://coloredconventions.org/items/show/559
1857.CA-10.20.SANF.ART.01,1857.CA-10.20.SANF,State Convention,"Report on the State Convention of the Colored People of California, San Francisco, October, 1857.",San Francisco,CA,USA,267,http://coloredconventions.org/items/show/267
1855.CA-11.20.SACR.MIN.01,1855.CA-11.20.SACR,State Convention,"Proceedings of the First State Convention of the Colored Citizens of the State of California. Held at Sacramento Nov. 20th 21st, and 22d, in the Colored Methodist Chuch.",Sacramento,CA,USA,265,http://coloredconventions.org/items/show/265
1856.CA-12.09.SACR.MIN.01,1856.CA-12.09.SACR,State Convention,"Proceedings of the Second Annual Convention of the Colored Citizens of the State of California, Held in the City of Sacramento, Dec. 9th, 10th, 11th, and 12th, 1856.",Sacramento,CA,USA,266,http://coloredconventions.org/items/show/266
1865.CA-10.25.SACR.MIN.01,1865.CA-10.25.SACR,State Convention,"Proceedings of the California State Convention of the Colored Citizens, Held in Sacramento on the 25th, 26th, 27th, and 28th of October, 1865",Sacramento,CA,USA,268,http://coloredconventions.org/items/show/268
1849.CT-09.12.NEWH.MIN.01,1849.CT-09.12.NEWH,State Convention,"Proceedings of the Connecticut State Convention of Coloured Men, Held at New Haven, On the September 12th and 13th, 1849.",New Haven,CT,USA,258,http://coloredconventions.org/items/show/258
1865.CT-06.06.NEWH.ART.01,1865.CT-06.06.NEWH,State Convention,"Report on the State Convention of the Colored Men of Connecticut, New Haven, June 6, 1865",New Haven,CT,USA,1060,http://coloredconventions.org/items/show/1060
1865.CT-06.06.NEWH.MIN.01,1865.CT-06.06.NEWH,State Convention,"Proceedings of the Conn. State Convention of Colored Men, Held at New Haven, June 6th and 7th, 1865.",New Haven,CT,USA,1220,http://coloredconventions.org/items/show/1220
1854.CT-09.27.MIDD.ART.01,1854.CT-09.27.MIDD,State Convention,"Report on the State Meeting of the Colored Citizens of Connecticut, September 27-28, 1854.",Middletown,CT,USA,259,http://coloredconventions.org/items/show/259
1855.CT-04-18.HART.ART.01,1855.CT-04-18.HART,State Convention,Colored Men's Convention.,Hartford,CT,USA,1221,http://coloredconventions.org/items/show/1221
1867.DC-01.10.WASH.ART.01,1867.DC-01.10.WASH,National Convention,"Report on the National Convention of Colored Men, Washington D.C., January 10, 1867",Washington,DC,USA,1062,http://coloredconventions.org/items/show/1062
1867.DC-01.28.WASH.ART.01,1867.DC-01.28.WASH,National Convention,"Report on the National Equal Rights League Convention held in Washington, D.C., January 28, 1867.",Washington,DC,USA,1059,http://coloredconventions.org/items/show/1059
1869.DC-12.06.WASH.MIN.01,1869.DC-12.06.WASH,National Convention,"Proceedings of the Colored National Labor convention : held in Washington, D.C., on December 6th, 7th, 8th, 9th and 10th, 1869.",Washington,DC,USA,591,http://coloredconventions.org/items/show/591
1873.DC-12.18.WASH.ART.01,1873.DC-12.18.WASH,National Convention,The National Convention,Washington,DC,USA,1069,http://coloredconventions.org/items/show/1069
1873.DE-01.09.DOVE.MIN.01,1873.DE-01.09.DOVE,State Convention,"Proceedings of the Convention of Colored People Held in Dover, Del., January 9, 1873.",Dover,DE,USA,297,http://coloredconventions.org/items/show/297
1884.FL-02.05.GAIN.MIN.01,1884.FL-02.05.GAIN,State Convention,"Proceedings of the State Conference of the colored men of Florida, held at Gainesville, February 5, 1884",Gainesville,FL,USA,1099,http://coloredconventions.org/items/show/1099
1866.GA-04.04.AUGU.MIN.01,1866.GA-04.04.AUGU,State Convention,"Proceedings of the Council of the Georgia Equal Rights Association. Assembled at Augusta, Ga. April 4th, 1866. Containing the Address of the President, Captain J. E. Bryant, and Resolutions Adopted by the Council.",Augusta,GA,USA,1193,http://coloredconventions.org/items/show/1193
1866.GA-10.29.MACO.MIN.01,1866.GA-10.29.MACO,State Convention,"Proceedings of the Convention of the Equal Rights and Educational Association of Georgia : assembled at Macon, October 29th, 1866 : containing the annual address of the president, Captain J.E. Bryant",Macon,GA,USA,525,http://coloredconventions.org/items/show/525
1869.GA-11.01.MACO.ART.01,1869.GA-11.01.MACO,State Convention,"Report on the Georgia State Colored Convention, Macon, November 1869",Macon,GA,USA,569,http://coloredconventions.org/items/show/569
1857.IA-01.05.MUSC.MIN.01,1857.IA-01.05.MUSC,State Convention,"Proceedings of a Convention of colored men, held in Muscatine, Jan. 5th, 1857.",Muscatine,IA,USA,310,http://coloredconventions.org/items/show/310
1868.IA-02.12.DESM.MIN.01,1868.IA-02.12.DESM,State Convention,"Proceedings of the Iowa State Colored Convention : held in the city of Des Moines ; Wednesday and Thursday, February 12th and 13th, 1868.",Des Moines,IA,USA,567,http://coloredconventions.org/items/show/567
1866.IL-04.10.CHIC.ADD.01,1866.IL-04.10.CHIC,City Meeting,Civil Rights. Address of the Colored Citizens of Chicago to The Congress of the United States.,Chicago,IL,USA,1191,http://coloredconventions.org/items/show/1191
1866.IL-10.16.GALE.MIN.01,1866.IL-10.16.GALE,State Convention,"Proceedings of the Illinois State Convention of Colored Men, assembled at Galesburg, October 16th, 17th, and 18th, containing the state and national addresses promulgated by it, with a list of the delegates composing it.",Galesburg,IL,USA,526,http://coloredconventions.org/items/show/526
1853.IL-10.06.CHIC.MIN.01,1853.IL-10.06.CHIC,State Convention,"Proceedings of the First Convention of the Colored Citizens of the State of Illinois, Convened at the City of Chicago, Thursday, Friday snd Saturday, October 6th, 7th and 8th, 1853",Chicago,IL,USA,261,http://coloredconventions.org/items/show/261
1856.IL-11.13.ALTO.MIN.01,1856.IL-11.13.ALTO,State Convention,"Proceedings of the State Convention of Colored Citizens of the State of Illinois, held in the city of Alton, Nov. 13th, 14th and 15th, 1856.",Alton,IL,USA,262,http://coloredconventions.org/items/show/262
1851.IN-08.01.INDI.ART.01,1851.IN-08.01.INDI,State Convention,"Report on the State Convention of the People of Color of the State of Indiana, August 9, 1851",Terre Haute,IN,USA,244,http://coloredconventions.org/items/show/244
1851.IN-08.01.INDI.MIN.01,1851.IN-08.01.INDI,State Convention,The Minutes of the State Convention of the People of Color of the State of Indiana,Terre Haute,IN,USA,629,http://coloredconventions.org/items/show/629
1842.IN-07.17.INDI.ART.01,1842.IN-07.17.INDI,State Convention,"Report of the Meeting of the Colored Citizens of Indiana, January 17, 1842",Indianapolis,IN,USA,243,http://coloredconventions.org/items/show/243
1859.IN-01.25.INDI.ART.01,1859.IN-01.25.INDI,State Convention,"Report on the State Convention of the Colored Men of Indiana, Indianapolis, January 25th, 1859.",Indianapolis,IN,USA,1061,http://coloredconventions.org/items/show/1061
1865.IN-10.24.INDI.ART.01,1865.IN-10.24.INDI,State Convention,"Report on the State Convention of the Colored People of Indiana, Indianapolis, October 24, 1865",Indianapolis,IN,USA,560,http://coloredconventions.org/items/show/560
1882.KS-04.27.PARS.MIN.01,1882.KS-04.27.PARS,State Convention,"Proceedings of the Convention of Colored Men, held in Edwards Opera House, Parsons, Kansas, Thursday and Friday April 27th and 28th, '82 : containing addresses by the leading delegates with address by Mrs. Augustus Wilson.",Parsons,KS,USA,552,http://coloredconventions.org/items/show/552
1863.KS-10.13.LEAV.MIN.01,1863.KS-10.13.LEAV,State Convention,"Proceedings of the Colored Convention of the State of Kansas, Held at Leavenworth, October 13th, 14th, 15th, and 16th, 1863",Leavenworth,KS,USA,270,http://coloredconventions.org/items/show/270
1866.KS-10.17.LAWR.MIN.01,1866.KS-10.17.LAWR,State Convention,"Proceedings of a Convention of Colored Citizens : held in the city of Lawrence, October 17, 1866.",Lawrence,KS,USA,527,http://coloredconventions.org/items/show/527
1883.KY-09.24.LOUI.ADD.01,1883.KY-09.24.LOUI,National Convention,"Address of Hon. Fred. Douglass [delivered before the National Convention of Colored Men, at Louisville, Ky., September 24, 1883]",Louisville,KY,USA,554,http://coloredconventions.org/items/show/554
1866.KY-03.22.LEXI.MIN.01,1866.KY-03.22.LEXI,State Convention,"Proceedings of the first convention of colored men of Kentucky :held in Lexington, March the 22d, 23d, 24th and 26th, 1866. With the constitution of the Kentucky State Benevolent Association. Printed by order of the convention.",Lexington,KY,USA,459,http://coloredconventions.org/items/show/459
1885.KY-11.26.LEXI.MIN.01,1885.KY-11.26.LEXI,State Convention,"Proceedings of the Colored State Convention assembled in St. Paul's A. M. E. Church, Lexington, Ky., November 26.",Lexington,KY,USA,1100,http://coloredconventions.org/items/show/1100
1871.KY-01.01.FRAN.ADD.01,1871.KY-01.01.FRAN,State Convention,"Memorial of a committee appointed at a meeting of Colored citizens of Frankfort, KY, Ky., and vicinity, praying the enactment of law for the better protection of life.",Frankfort,KY,USA,539,http://coloredconventions.org/items/show/539
1877.KY-08.22.FRAN.MIN.01,1877.KY-08.22.FRAN,State Convention,"Proceedings of the State Colored Educational Convention held at Frankfort, KY, Kentucky, August 22, 1877.",Frankfort,KY,USA,550,http://coloredconventions.org/items/show/550
1865.LA-01.09.NEWO.ART.01,1865.LA-01.09.NEWO,State Convention,"Report on the State Convention of the Colored People of Louisiana, January 9th, 10th, 11th, 12th, 13th, and 14th, 1865",New Orleans,LA,USA,271,http://coloredconventions.org/items/show/271
1872.LA-04.10.NEWO.MIN.01,1872.LA-04.10.NEWO,National Convention,"National Convention of the Colored People of the United States, Held in New Orleans, April 10-14, 1872",New Orleans,LA,USA,544,http://coloredconventions.org/items/show/544
1843.MA-08.03.SALE.MIN.01,1843.MA-08.03.SALE,Regional Convention,"Minutes of the Union Temperance Convention of the Colored Citizens : of Pennsylvania, Delaware, New Jersey, Maryland and the District of Columbia.",Salem,MA,USA,610,http://coloredconventions.org/items/show/610
1858.MA-08.01.NEWB.ART.01,1858.MA-08.01.NEWB,State Convention,"Report on the Convention of the Colored Citizens of Massachusetts, August 1, 1858",New Bedford,MA,USA,264,http://coloredconventions.org/items/show/264
1854.MA-01.02.BOST.ART.01,1854.MA-01.02.BOST,State Convention,"Report on the Meeting of the [Massachusetts] State Council, in Behalf of Colored Americans",Boston,MA,USA,263,http://coloredconventions.org/items/show/263
1859.MA-08.01.BOST.MIN.01,1859.MA-08.01.BOST,Regional Convention,"Report on the New England Colored Citizens' Convention, August 1, 1859",Boston,MA,USA,269,http://coloredconventions.org/items/show/269
1865.MA-12.20.BOST.ART.01,1865.MA-12.20.BOST,Regional Convention,"Report on the Convention of the Colored People of New England, Boston, December 1, 1865. With an Appeal from the colored people of New England",Boston,MA,USA,590,http://coloredconventions.org/items/show/590
1852.MD-07.27.BALT.ART.01,1852.MD-07.27.BALT,State Convention,"Report on the Maryland Free Colored People's Convention, July 27-28, 1852.",Baltimore,MD,USA,260,http://coloredconventions.org/items/show/260
1866.MD-01.01.BALT.ART.01,1866.MD-01.01.BALT,State Convention,"Report on the State Convention of the Colored People of Maryland, Baltimore, January 1866",Baltimore,MD,USA,564,http://coloredconventions.org/items/show/564
1868.MD-08.05.BALT.ADD.01,1868.MD-08.05.BALT,State Convention,"Address of the Colored Men's Border State Convention to the People of the United States, Baltimore, August 5-6, 1868",Baltimore,MD,USA,568,http://coloredconventions.org/items/show/568
1869.MD-06.01.BALT.ART.01,1869.MD-06.01.BALT,State Convention,Meeting of the Maryland State Colored Convention.,Baltimore,MD,USA,535,http://coloredconventions.org/items/show/535
1841.ME-10.06.PORT.CAL.01,1841.ME-10.06.PORT,State Convention,Call to the Colored Citizens of Maine and New-Hampshire,Portland,ME,USA,617,http://coloredconventions.org/items/show/617
1841.ME-10.06.PORT.MIN.01,1841.ME-10.06.PORT,State Convention,"Minutes of the First Colored Convention, held in the City of Portland, October 6, 1841.",Portland,ME,USA,1178,http://coloredconventions.org/items/show/1178
1850.ME-10.20.PORT.ART.01,1850.ME-10.20.PORT,State Convention,"Report on the Colored Convention, recently held in Portland, Me",Portland,ME,USA,600,http://coloredconventions.org/items/show/600
1843.MI-10.26.DETR.MIN.01,1843.MI-10.26.DETR,State Convention,"Minutes of the State Convention, of the Colored Citizens of the State of Michigan, Held in the City of Detroit on the 26th and 27th of October, 1843 for the Purpose of Considering Their Moral & Political Condition, as Citizens of the State",Detroit,MI,USA,245,http://coloredconventions.org/items/show/245
1865.MI-09.12.DETR.MIN.01,1865.MI-09.12.DETR,State Convention,"Proceedings of the Colored Men's Convention of the State of Michigan, Held in the City of Detroit ,Tuesday and Wednesday, Sept. 12th and 13th, '65, with Accompanying Documents. Also, the Constitution of the Equal Rights League of the State of Michigan",Detroit,MI,USA,246,http://coloredconventions.org/items/show/246
1869.MN-01.01.STPA.MIN.01,1869.MN-01.01.STPA,State Convention,Proceedings of the Convention of Colored Citizens of the State of Minnesota in Celebration of the Anniversary of Emancipation and the Reception of the Electoral Franchise : on the first of January 1869.,St. Paul,MN,USA,536,http://coloredconventions.org/items/show/536
1870.MO-01.19.JEFF.MIN.01,1870.MO-01.19.JEFF,State Convention,"Proceedings of the Colored People's Educational Convention held in Jefferson City, Missouri, January , 1870.",Jefferson City,MO,USA,308,http://coloredconventions.org/items/show/308
1865.MS-09.18.VICK.ART.01,1865.MS-09.18.VICK,State Convention,Report on the 1865 Mississippi State Colored Convention published in The Anglo-African,Vicksburg,MS,USA,1563,http://coloredconventions.org/items/show/1563
1865.MS-09.18.VICK.ART.02,1865.MS-09.18.VICK,State Convention,Report on the 1865 Mississippi State Colored Convention published in The Anglo-African,Vicksburg,MS,USA,1560,http://coloredconventions.org/items/show/1560
1865.NC-09.29.RALE.ART.01,1865.NC-09.29.RALE,State Convention,"Report on the State Convention of the Colored People of North Carolina, Raleigh, September 29, 1865",Raleigh,NC,USA,561,http://coloredconventions.org/items/show/561
1865.NC-09.29.RALE.ART.02,1865.NC-09.29.RALE,State Convention,Report on the Convention of the Colored People of North Carolina,Raleigh,NC,USA,1090,http://coloredconventions.org/items/show/1090
1865.NC-09.29.RALE.ART.03,1865.NC-09.29.RALE,State Convention,Report on the Colored Convention in North Carolina,Raleigh,NC,USA,1092,http://coloredconventions.org/items/show/1092
1865.NC-09.29.RALE.COR.01,1865.NC-09.29.RALE,State Convention,Letter of Hon. Wm. W. Coleman to the North Carolina Colored Convention.,Raleigh,NC,USA,1091,http://coloredconventions.org/items/show/1091
1866.NC-10.02.RALE.MIN.01,1866.NC-10.02.RALE,State Convention,"Minutes of the Freedmen's Convention, Held in the City of Raleigh, on the 2nd, 3rd, 4th, and 5th of October, 1866",Raleigh,NC,USA,456,http://coloredconventions.org/items/show/456
1865.NC-09.11.NEWB.ART.01,1865.NC-09.11.NEWB,City Meeting,1865 City Mass Meeting of Colored Citizens,Newbern,NC,USA,1562,http://coloredconventions.org/items/show/1562
1872.NE-04.13.OMAH.ART.01,1872.NE-04.13.OMAH,State Convention,"Report on the State Convention of the Colored People of Nebraska, Omaha, April 1872",Omaha,NE,USA,1202,http://coloredconventions.org/items/show/1202
1849.NJ-08.21.TREN.MIN.01,1849.NJ-08.21.TREN,State Convention,"Proceedings and Address of the Coloured Citizens of N.J. Convened at Trenton, August 21st and 22d, 1849 for the Purpose of Taking the Initiatory Measures for Obtaining the Right of Suffrage in this Our Native State",Trenton,NJ,USA,256,http://coloredconventions.org/items/show/256
1865.NJ-07.13.TREN.MIN.01,1865.NJ-07.13.TREN,State Convention,"Proceedings of the State Convention of Coloured Men of the State of New Jersey, Held in the City of Trenton, N.J., July 13th and 14th, 1865; With a Short Address to the Local People of New Jersey, Together with the Constitution of the Equal Rights League of the State of New Jersey",Trenton,NJ,USA,257,http://coloredconventions.org/items/show/257
1873.NJ-06.03.NEWB.ART.01,1873.NJ-06.03.NEWB,State Convention,The Jersey Convention,New Brunswick,NJ,USA,1068,http://coloredconventions.org/items/show/1068
1841.NY-08.25.TROY.ART.01,1841.NY-08.25.TROY,State Convention,"Report on the New York State Convention of Colored Citizens, Troy, August 25-27, 1841",Troy,NY,USA,231,http://coloredconventions.org/items/show/231
1847.NY-11.06.TROY.MIN.01,1847.NY-11.06.TROY,National Convention,"Proceedings of the National Convention of Colored People and Their Friends; held in Troy, NY; on the 6th, 7th, 8th, and 9th of October, 1847",Troy,NY,USA,279,http://coloredconventions.org/items/show/279
1855.NY-09.04.TROY.CAL.01,1855.NY-09.04.TROY,State Convention,"Call for the Colored Men's State Convention of New York, Troy, September 4, 1855",Troy,NY,USA,238,http://coloredconventions.org/items/show/238
1858.NY-09.14.TROY.ART.01,1858.NY-09.14.TROY,State Convention,"Report on the Suffrage Convention of the Colored Citizens of New York, Troy, September 14, 1858",Troy,NY,USA,239,http://coloredconventions.org/items/show/239
1864.NY-10.04.SYRA.MIN.01,1864.NY-10.04.SYRA,National Convention,"Proceedings of the National Convention of Colored Men; held in the City of Syracuse, N.Y.; October 4, 5, 6, and 7, 1864; with the Bill of Wrongs and Rights; and the Address to the American People",Syracuse,NY,USA,282,http://coloredconventions.org/items/show/282
1870.NY-10.31.SYRA.ART.01,1870.NY-10.31.SYRA,State Convention,"Report on the State Convention of the Colored Voters of New York, Syracuse, October 1870",Syracuse,NY,USA,1063,http://coloredconventions.org/items/show/1063
1844.NY-09.18.SCHE.MIN.01,1844.NY-09.18.SCHE,State Convention,"Minutes of the fifth annual convention of the colored citizens of the state of New York : held in the city of Schenectady, on the 18th, 19th, and 20th of September, 1844.",Schenectady,NY,USA,602,http://coloredconventions.org/items/show/602
1853.NY-07.06.ROCH.MIN.01,1853.NY-07.06.ROCH,National Convention,"Proceedings of the Colored national convention, held in Rochester, July 6th, 7th, and 8th, 1853.",Rochester,NY,USA,458,http://coloredconventions.org/items/show/458
1863.NY-07.16.POUG.MIN.01,1863.NY-07.16.POUG,State Convention,"Record of action of the convention held at Poughkeepsie, N.Y., July 15th and 16th, 1863, for the purpose of facilitating the introduction of colored troops into the service of the United States.",Poughkeepsie,NY,USA,587,http://coloredconventions.org/items/show/587
1834.NY-06.02.NEWY.MIN.01,1834.NY-06.02.NEWY,National Convention,"Minutes of the Fourth Annual Convention for the Improvement of the Free People of Colour, in the United States; held by adjournments in the Asbury Church, New York, from the 2d to the 12th of June, inclusive, 1834",New York,NY,USA,276,http://coloredconventions.org/items/show/276
1872.NY-12.13.NEWY.ART.01,1872.NY-12.13.NEWY,International Convention,"Slavery in Cuba. A Report of the Proceedings of the Meeting, Held at the Cooper Institute. New York City, December 13, 1872.",New York,NY,USA,322,http://coloredconventions.org/items/show/322
1845.NY-09.08.GENE.ART.01,1845.NY-09.08.GENE,State Convention,"Report on the New York State Free Suffrage Convention, September 8, 1845",Geneva,NY,USA,233,http://coloredconventions.org/items/show/233
1850.NY-08.21.CAZE.ART.01,1850.NY-08.21.CAZE,State Convention,"Report on the Cazenovia Fugitive Slave Law Convention, August 21-22, 1850",Cazenovia,NY,USA,234,http://coloredconventions.org/items/show/234
1843.NY-08.15.BUFF.MIN.01,1843.NY-08.15.BUFF,National Convention,"Minutes of The National Convention of Colored Citizens; Held at Buffalo; on the 15th, 16th, 17th, 18th, and 19th of August, 1843; for the purpose of considering their moral and political condition as American citizens",Buffalo,NY,USA,278,http://coloredconventions.org/items/show/278
1869.NY-06.02.BING.ART.01,1869.NY-06.02.BING,State Convention,N.Y. State Convention of Colored Men,Binghamton,NY,USA,1484,http://coloredconventions.org/items/show/1484
1840.NY-08.18.ALBA.ART.01,1840.NY-08.18.ALBA,State Convention,Report on the Convention of the Colored Inhabitants of the State of New York,Albany,NY,USA,230,http://coloredconventions.org/items/show/230
1840.NY-08.18.ALBA.MIN.01,1840.NY-08.18.ALBA,State Convention,"Minutes of the State Convention of Colored Citizens, Held at Albany, on the 18th, 19th, and 20th of August, 1840, for the purpose of considering their political condition.",Albany,NY,USA,620,http://coloredconventions.org/items/show/620
1851.NY-07.22.ALBA.MIN.01,1851.NY-07.22.ALBA,State Convention,"Proceedings of the State Convention of Colored People : held at Albany, New-York, on the 22d, 23d and 24th of July, 1851",Albany,NY,USA,235,http://coloredconventions.org/items/show/235
1854.NY-01.02.ALBA.MIN.01,1854.NY-01.02.ALBA,State Convention,"Proceedings of the New York State Council of Colored People, January 2, 1854.",Albany,NY,USA,236,http://coloredconventions.org/items/show/236
1855.NY-01.20.ALBA.ART.01,1855.NY-01.20.ALBA,State Convention,"Report on the State Convention of the Colored Citizens of New York, Albany, January 20, 1855",Albany,NY,USA,237,http://coloredconventions.org/items/show/237
1866.NY-01.01.ALBA.ART.01,1866.NY-01.01.ALBA,State Convention,"Report on the New York State Convention of Colored Men, Albany, October 16, 1866",Albany,NY,USA,529,http://coloredconventions.org/items/show/529
1865.OH-01.10.XENI.MIN.01,1865.OH-01.10.XENI,State Convention,"Proceedings of a Convention of the Colored Men of Ohio, held in Xenia, on the 10th, 11th and 12th days of January, 1865 : with the Constitution of Ohio Equal Rights League.",Xenia,OH,USA,255,http://coloredconventions.org/items/show/255
1843.OH-08.01.COLU.ART.01,1843.OH-08.01.COLU,State Convention,"Report of the Business Committee of the Colored People's State Convention, held at Columbus, Ohio, August, 1843.",Columbus,OH,USA,1485,http://coloredconventions.org/items/show/1485
1844.OH-09.18.COLU.ADD.01,1844.OH-09.18.COLU,State Convention,Address of the State Convention of the Colored Citizens of Ohio,Columbus,OH,USA,1064,http://coloredconventions.org/items/show/1064
1849.OH-01.10.COLU.MIN.01,1849.OH-01.10.COLU,State Convention,"Minutes and address of the State Convention of the Colored Citizens of Ohio, convened at Columbus, January 10th, 11th, 12th, & 13th, 1849.",Columbus,OH,USA,247,http://coloredconventions.org/items/show/247
1850.OH-01.09.COLU.MIN.01,1850.OH-01.09.COLU,State Convention,"Minutes of the State Convention of the Colored Citizens of Ohio, Convened at Columbus, January 9th, 10th, 11th and 12th, 1850",Columbus,OH,USA,248,http://coloredconventions.org/items/show/248
1851.OH-01.15.COLU.ADD.01,1851.OH-01.15.COLU,State Convention,"Address to the Constitutional Convention of Ohio from the State Convention of Colored Men Held in the City of Columbus, January 15th, 16th, 17th and 18th, 1851.",Columbus,OH,USA,598,http://coloredconventions.org/items/show/598
1851.OH-01.15.COLU.MIN.01,1851.OH-01.15.COLU,State Convention,"Minutes of the State Convention of the Colored Citizens of Ohio, Convened at Columbus, Jan. 15th, 16th, 17th and 18, 1851",Columbus,OH,USA,249,http://coloredconventions.org/items/show/249
1853.OH-01.19.COLU.MIN.01,1853.OH-01.19.COLU,State Convention,"Official Proceedings of the Ohio State Convention of Colored Freemen : held in Columbus, January 19th-21st, 1853.",Columbus,OH,USA,592,http://coloredconventions.org/items/show/592
1856.OH-01.16.COLU.MIN.01,1856.OH-01.16.COLU,State Convention,"Proceedings of the State Convention of Colored Men, Held in the City of Columbus, Ohio, Jan. 16th, 17th, and 18th, 1856",Columbus,OH,USA,252,http://coloredconventions.org/items/show/252
1857.OH-01.21.COLU.MIN.01,1857.OH-01.21.COLU,State Convention,"Proceedings of the State Convention of the Colored Men of the State of Ohio, Held in the City of Columbus, January 21st, 22d and 23d, 1857",Columbus,OH,USA,253,http://coloredconventions.org/items/show/253
1848.OH-09.06.CLEV.MIN.01,1848.OH-09.06.CLEV,National Convention,"Report of the proceedings of the Colored National Convention held at Cleveland, Ohio, on Wednesday, September 6, 1848.",Cleveland,OH,USA,280,http://coloredconventions.org/items/show/280
1854.OH-08.24.CLEV.MIN.01,1854.OH-08.24.CLEV,National Convention,"Proceedings of the National Emigration Convention of Colored People Held at Cleveland, Ohio, On Thursday, Friday, and Saturday, The 24th, 25th, and 26th of August, 1854",Cleveland,OH,USA,314,http://coloredconventions.org/items/show/314
1865.OH-10.19.CLEV.MIN.01,1865.OH-10.19.CLEV,National Convention,"Proceedings of the First Annual Meeting of the National Equal Rights League, Held in Cleveland, Ohio, October 19, 20, and 21, 1865",Cleveland,OH,USA,562,http://coloredconventions.org/items/show/562
1852.OH-01.14.CINC.MIN.01,1852.OH-01.14.CINC,State Convention,"Proceedings of the Convention, of the Colored Freemen of Ohio, Held in Cincinnati, January 14, 15, 16, 17 and 19, 1852.",Cincinnati,OH,USA,250,http://coloredconventions.org/items/show/250
1858.OH-11.23.CINC.MIN.01,1858.OH-11.23.CINC,State Convention,"Proceedings of a Convention of the Colored Men of Ohio, Held in the City of Cincinnati, on the 23d, 24th, 25th and 26th days of November, 1858",Cincinnati,OH,USA,254,http://coloredconventions.org/items/show/254
1867.OH-01.16.CINC.ART.01,1867.OH-01.16.CINC,State Convention,"Report on the Ohio State Equal Rights League Convention, Cincinnati, January 16, 1867",Cincinnati,OH,USA,1058,http://coloredconventions.org/items/show/1058
1875.OH-08.04.CINC.MIN.01,1875.OH-08.04.CINC,Organizational,"Convention of Colored Newspaper Men Cincinnati, August 4th, 1875, Wednesday A. M.",Cincinnati,OH,USA,455,http://coloredconventions.org/items/show/455
1851.ON-09.11.TORO.MIN.01,1851.ON-09.11.TORO,International Convention,"Proceedings for the North American Convention held in Toronto, Canada, 1851",Toronto,ON,CAN,324,http://coloredconventions.org/items/show/324
1847.ON-08.01.DRUM.MIN.01,1847.ON-08.01.DRUM,National Convention (Canada),"Report of the Convention of the Colored Population, Held at Drummondville, Aug, 1847.",Drummondville,ON,CAN,451,http://coloredconventions.org/items/show/451
1858.ON-05.08.CHAT.MIN.01,1858.ON-05.08.CHAT,National Convention (Canada),"Minutes of the Convention. Chatham, (Canada West)",Chatham,ON,CAN,427,http://coloredconventions.org/items/show/427
1853.ON-06.16.AMHE.MIN.01,1853.ON-06.16.AMHE,National Convention (Canada),"Minutes and proceedings of the General Convention for the Improvement of the Colored Inhabitants of Canada, held by adjournments in Amhrstburgh [sic], C.W., June 16th and 17th, 1853.",Amherstburg,ON,CAN,619,http://coloredconventions.org/items/show/619
1868.PA-08.11.WILL.ART.01,1868.PA-08.11.WILL,State Convention,"Report on the Annual Meeting of the Pennsylvania State Equal Rights League to Meet at Williamsport, PA, August 11, 1868",Williamsport,PA,USA,1066,http://coloredconventions.org/items/show/1066
1841.PA-08.23.PITT.MIN.01,1841.PA-08.23.PITT,State Convention,"Proceedings of the State Convention of the Colored Freemen of Pennsylvania, Held in Pittsburgh, on the 23d, 24th and 25th of August, 1841, for the Purpose of Considering their Condition, and the Means of Its Improvement",Pittsburgh,PA,USA,621,http://coloredconventions.org/items/show/621
1866.PA-08.08.PITT.MIN.01,1866.PA-08.08.PITT,State Convention,"Proceedings of the Pennsylvania State Equal Rights League at the Annual Meeting Held in the City of Pittsburgh, August 8, 9, 10, 1866",Pittsburgh,PA,USA,1065,http://coloredconventions.org/items/show/1065
1884.PA-04.29.PITT.ADD.01,1884.PA-04.29.PITT,National Convention,"An Address Delivered by Prof. W.S. Scarborough, of Wilberforce University, on Our Political Status, at the Colored Men's Inter-State Conference in the City of Pittsburgh, PA., Tuesday, April 29, 1884.",Pittsburgh,PA,USA,1095,http://coloredconventions.org/items/show/1095
1830.PA-09.20.PHIL.MIN.01,1830.PA-09.20.PHIL,National Convention,"Constitution of the American Society of Free Persons of Colour, for improving their condition in the United States; for purchasing lands; and for the establishment of a settlement in upper Canada, also, The Proceedings of the Convention with their Address to Free Persons of Colour in the United States",Philadelphia,PA,USA,70,http://coloredconventions.org/items/show/70
1831.PA-06.06.PHIL.MIN.01,1831.PA-06.06.PHIL,National Convention,"Minutes and Proceedings of the First Annual Convention of the People of Colour, held by adjournments in the city of Philadelphia, from the sixth to the eleventh of June, inclusive, 1831",Philadelphia,PA,USA,72,http://coloredconventions.org/items/show/72
1832.PA-06.04.PHIL.MIN.01,1832.PA-06.04.PHIL,National Convention,"Minutes and Proceedings of the Second Annual Convention for the Improvement of the Free People of Color in these United States, held by adjournments in the city of Philadelphia, from the 4th to the 13th of June, inclusive, 1832",Philadelphia,PA,USA,229,http://coloredconventions.org/items/show/229
1833.PA-06.03.PHIL.MIN.01,1833.PA-06.03.PHIL,National Convention,"Minutes and proceedings of the Third annual Convention, for the Improvement of the Free People of Colour in these United States, :held by adjournments in the city of Philadelphia, from the 3d to the 13th of June inclusive, 1833.",Philadelphia,PA,USA,275,http://coloredconventions.org/items/show/275
1835.PA-06.01.PHIL.MIN.01,1835.PA-06.01.PHIL,National Convention,"Minutes of the Fifth Annual Convention for the Improvement of the Free People of Colour in the United States; Held by Adjournments, in the Wesley Church, Philadelphia; from the first to the fifth of June, inclusive; 1835",Philadelphia,PA,USA,277,http://coloredconventions.org/items/show/277
1855.PA-10.16.PHIL.MIN.01,1855.PA-10.16.PHIL,National Convention,"Proceedings of the Colored National Convention, held in Franklin Hall, Sixth Street, Below Arch, Philadelphia, October 16th, 17th and 18th, 1855.",Philadelphia,PA,USA,281,http://coloredconventions.org/items/show/281
1867.PA-01.08.PHIL.ART.01,1867.PA-01.08.PHIL,National Convention,Report on the Colored Soldiers and Sailors Convention,Philadelphia,PA,USA,1093,http://coloredconventions.org/items/show/1093
1867.PA-01.08.PHIL.ART.02,1867.PA-01.08.PHIL,National Convention,Report on the Colored Soldiers and Sailors Convention,Philadelphia,PA,USA,1094,http://coloredconventions.org/items/show/1094
1848.PA-12.13.HARR.MIN.01,1848.PA-12.13.HARR,State Convention,"Minutes of the State Convention of Colored Citizens of Pennsylvania, Convened at Harrisburg, December 13-14, 1848",Harrisburg,PA,USA,241,http://coloredconventions.org/items/show/241
1865.PA-02.08.HARR.MIN.01,1865.PA-02.08.HARR,State Convention,"Proceedings of the State Equal Rights' Convention, of the Colored People of Pennsylvania, held in the city of Harrisburg February 8th, 9th, and 10th, 1865 : together with a few of the arguments presented suggesting the necessity for holding the convention, and an address of the Colored State Convention to the people of Pennsylvania.",Harrisburg,PA,USA,242,http://coloredconventions.org/items/show/242
1865.PA-09.09.HARR.MIN.01,1865.PA-09.09.HARR,State Convention,"Proceedings of the Annual Meeting of the Pennsylvania State Equal Rights' League. Held in the City of Harrisburg, August 9th and 10th, 1865.",Harrisburg,PA,USA,1201,http://coloredconventions.org/items/show/1201
1872.PA-08-31.HARR.ADD.01,1872.PA-08-31.HARR,State Convention,"Address to the Colored Voters of the State of Pennsylvania, issued by the Pennsylvania State Equal Rights League, Harrisburg, August 1872",Harrisburg,PA,USA,821,http://coloredconventions.org/items/show/821
1876.SC-07.20.COLU.ADD.01,1876.SC-07.20.COLU,State Convention,"An Address to the people of the United States, adopted at a conference of colored citizens, held at Columbia, S.C. July 20 and 21st, 1876.",Columbia,SC,USA,1218,http://coloredconventions.org/items/show/1218
1883.SC-07.18.COLU.MIN.01,1883.SC-07.18.COLU,State Convention,"Proceedings of the State Convention of Colored Men of South Carolina, Columbia, S.C., July 18, 1883.",Columbia,SC,USA,555,http://coloredconventions.org/items/show/555
1865.SC-11.20.CHAR.MIN.01,1865.SC-11.20.CHAR,State Convention,"Proceedings of the Colored People's Convention of the State of South Carolina, held in Zion Church, Charleston, November, 1865. Together with the declaration of rights and wrongs; an address to the people; a petition to the legislature, and a memorial to Congress.",Charleston,SC,USA,570,http://coloredconventions.org/items/show/570
1865.TN-08.07.NASH.MIN.01,1865.TN-08.07.NASH,State Convention,"Proceedings of the State Convention of Colored Men of the State of Tennessee, :with the addresses of the convention to the white loyal citizens of Tennessee, and the colored citizens of Tennessee. : Held at Nashville, Tenn., August 7th, 8th, 9th and 10th, 1865. /Committee on publication: Daniel Wadkins, Sr., Nelson Walker, Ransom Harris.",Nashville,TN,USA,522,http://coloredconventions.org/items/show/522
1866.TN-08.05.NASH.ART.01,1866.TN-08.05.NASH,State Convention,"Report on the State Convention of Colored People of Tennessee, Nashville, August 5-11, 1866",Nashville,TN,USA,530,http://coloredconventions.org/items/show/530
1871.TN-02.22.NASH.MIN.01,1871.TN-02.22.NASH,State Convention,"Proceedings of the State convention of the colored citizens of Tennessee, held in Nashville, Feb. 22d, 23d, 24th & 25th, 1871.",Nashville,TN,USA,309,http://coloredconventions.org/items/show/309
1874.TN-04.28.NASH.MIN.01,1874.TN-04.28.NASH,State Convention,Civil Rights. The Colored Men Still Clamoring for Equality. Brownlow Denounced and Repudiated for His Treachery. What was Said and Done in the Convention Yesterday.,Nashville,TN,USA,549,http://coloredconventions.org/items/show/549
1879.TN-05.06.NASH.MIN.01,1879.TN-05.06.NASH,National Convention,"Proceedings of the National Conference of Colored Men of the United States, Held in the State Capitol at Nashville Tennessee, May 6, 7, 8 and 9, 1879.",Nashville,TN,USA,323,http://coloredconventions.org/items/show/323
1889.TX-08.20.WACO.ART.01,1889.TX-08.20.WACO,State Convention,Report on the Texas State Colored Men's Convention in Waco,Waco,TX,USA,1077,http://coloredconventions.org/items/show/1077
1879.TX-07.02.HOUS.ART.01,1879.TX-07.02.HOUS,State Convention,Report on the Conference for the Colored People of Texas,Houston,TX,USA,611,http://coloredconventions.org/items/show/611
1884.TX-08.06.HOUS.ART.01,1884.TX-08.06.HOUS,State Convention,Report on the Convention of Colored Citizens inHouston Texas,Houston,TX,USA,1076,http://coloredconventions.org/items/show/1076
1895.TX-05.23.HOUS.ART.O1,1895.TX-05.23.HOUS,State Convention,Report on the Texas State Colored Men's Convention in Houston,Houston,TX,USA,1078,http://coloredconventions.org/items/show/1078
1880.TX-02.17.DALL.ART.01,1880.TX-02.17.DALL,State Convention,Report on the Colored Convention of the Texas Farmers Association,Dallas,TX,USA,618,http://coloredconventions.org/items/show/618
1873.TX-07.03.BREN.ART.01,1873.TX-07.03.BREN,State Convention,Report on the Convention of Colored Citizens in Texas,Brenham,TX,USA,548,http://coloredconventions.org/items/show/548
1883.TX-07.10.AUST.ART.01,1883.TX-07.10.AUST,State Convention,Report: Colored Men's Convention,Austin,TX,USA,556,http://coloredconventions.org/items/show/556
1869.VA-05.27.RICH.ART.01,1869.VA-05.27.RICH,State Convention,Report on the Virginia State Colored Convention held in Richmond,Richmond,VA,USA,537,http://coloredconventions.org/items/show/537
1865.VA-06.05.NORF.MIN.01,1865.VA-06.05.NORF,City Meeting,"Equal Suffrage. Address from the Colored Citizens of Norfolk, Va., to the People of the United States. Also an Account of the Agitation Among the Colored People of Virginia for Equal Rights. With an Appendix Concerning the Rights of Colored Witnesses Before the State Courts, June 5, 1865",Norfolk,VA,USA,563,http://coloredconventions.org/items/show/563
1899.VA-07.19.HAMP.MIN.01,1899.VA-07.19.HAMP,State Convention,Hampton Negro Conference. Number III. July 1899.,Hampton,VA,USA,1117,http://coloredconventions.org/items/show/1117
1865.VA-08.02.ALEX.MIN.01,1865.VA-08.02.ALEX,State Convention,"Liberty, and equality before the law. :Proceedings of the Convention of the Colored People of Va., held in the city of Alexandria, Aug. 2, 3, 4, 5, 1865.",Alexandria,VA,USA,272,http://coloredconventions.org/items/show/272